stid,stname,degree,strength,betweenness,harmonic_closeness,hubscore
223,BRUX-OUEST,8,0,00,53335,760155,74,279706,0,689218
1048,SCHAERBEEK,11,0,00,52221,277522,72,985510,0,673526
1979,TOUR-TAXIS,5,0,00,53949,246406,70,469788,0,668288
1768,SIMONIS,2,0,00,52212,686205,68,526781,0,644318
455,GENT-ST-P,9,0,00,31439,697474,74,716866,0,550024
504,HALLE,7,0,00,36252,086358,69,688853,0,548370
219,BRU AIRPORT,6,0,00,35098,627778,66,655448,0,521054
715,LEUVEN,6,0,00,44510,596825,57,244303,0,520582
220,BRUXELL-MIDI,10,0,00,24742,811588,75,320020,0,510521
916,NOSSEGEM,3,0,00,34962,903968,59,163441,0,471189
810,MECHELEN,9,0,00,24161,396554,69,783069,0,470547
726,LIEGE-GUILL,7,0,00,36347,225000,56,730638,0,464263
31,ANS,3,0,00,37020,413889,54,861403,0,456409
648,KORTENBERG,2,0,00,34744,903968,54,756434,0,440960
553,HERENT,3,0,00,34389,087302,54,139305,0,434617
815,MELLE,9,0,00,13736,077894,73,800510,0,429179
368,ERPS-KWERPS,2,0,00,34562,303968,52,608407,0,425731
1174,VELTEM,2,0,00,34438,812302,52,141427,0,421877
227,BRUX-SCHUMAN,6,0,00,16693,618282,67,828496,0,409320
320,DE PINTE,3,0,00,20141,630159,64,398650,0,409264
77,ATH,5,0,00,16248,880159,62,629001,0,372439
318,DENDERLEEUW,6,0,00,10612,476274,66,919668,0,363926
706,LEMBEEK,2,0,00,17772,268525,59,413853,0,361300
415,FOREST-MIDI,4,0,00,9582,596184,67,344136,0,360020
27,ANGLEUR,6,0,00,22688,905556,54,123289,0,358607
218,BRUXELL-LUX,3,0,00,15023,791283,59,873310,0,346474
447,GENTBRUGGE,4,0,00,9691,179997,64,713578,0,343525
317,DEINZE,3,0,00,16037,078968,58,111271,0,341527
811,NEKKERSPOEL,3,0,00,12917,372860,60,824257,0,339026
725,LIEDEKERKE,5,0,00,4561,753921,67,745549,0,330071
732,LIER,5,0,00,16997,531194,54,454016,0,323846
1160,TUBIZE,2,0,00,17461,768525,53,871596,0,323049
380,ETTERBEEK,5,0,00,14745,332950,56,290406,0,321241
414,FOREST-EST,3,0,00,5700,592841,65,102008,0,320175
2089,ANDERLECHT,5,0,00,119,234077,69,275738,0,311255
1083,ST-KAT-WAVER,2,0,00,12495,206194,55,542351,0,301752
550,HENNUYERES,2,0,00,17178,435191,50,518641,0,299289
449,GENT-DAMP,3,0,00,9492,646664,58,065926,0,298773
221,BRUXELLES-ND,5,0,00,973,171978,66,209410,0,296746
325,DIEGEM,7,0,00,441,303571,66,155377,0,292942
1663,HAREN,6,0,00,761,052381,65,822043,0,292837
621,JETTE,4,0,00,4735,290294,61,678711,0,291530
336,DUFFEL,3,0,00,12201,372860,53,926513,0,289281
205,BRAINE-LE-CT,3,0,00,16918,268525,48,917175,0,287130
335,DRONGEN,2,0,00,3637,666667,61,769729,0,285004
1238,WEZEMAAL,4,0,00,11046,057143,54,183213,0,283464
1767,BOCKSTAEL,4,0,00,1659,660201,63,325022,0,282341
1147,TILFF,2,0,00,17782,450000,47,128882,0,281044
1219,WATERMAEL,3,0,00,13621,715007,51,091622,0,279961
1245,WILLEBROEK,2,0,00,5341,803384,59,185745,0,279165
474,GONTRODE,2,0,00,3306,543912,61,148875,0,278797
217,BRUXELL-CHAP,2,0,00,527,190217,63,527728,0,276319
654,KWATRECHT,2,0,00,2465,716667,61,254827,0,274035
342,ECAUSSINNES,3,0,00,16617,573286,47,092531,0,273249
871,MUIZEN,4,0,00,2248,253571,61,230087,0,272462
208,BRESSOUX,5,0,00,9726,605556,53,763806,0,272162
360,ENGHIEN,3,0,00,3833,890082,59,343962,0,270417
822,MERELBEKE,3,0,00,0,000000,63,078506,0,269962
1192,VILVOORDE,5,0,00,495,133333,62,243977,0,267718
719,LEUZE,2,0,00,7327,069841,55,268797,0,266435
1168,UCCLE-STALLE,2,0,00,5312,426174,57,245295,0,266288
1021,RUISBROEK,3,0,00,411,800000,61,920554,0,265063
10,AARSELE,2,0,00,9953,566667,52,241452,0,263681
2011,OUGREE,4,0,00,9440,675000,52,283422,0,260628
634,KAP-O-D-BOS,2,0,00,3170,690548,58,463758,0,260360
791,MARCH-AU-PT,6,0,00,17284,882215,44,354308,0,259675
790,MARCHE-ECAUS,2,0,00,16356,239953,44,965414,0,257646
216,BRUX-CONGRES,2,0,00,636,590217,60,224873,0,255434
391,FAMILLEUREUX,3,0,00,16119,739953,44,718970,0,254501
215,BRUX-CENTRAL,2,0,00,564,090217,60,149306,0,254470
9,AARSCHOT,3,0,00,10537,746429,50,252559,0,254467
591,HUIZINGEN,2,0,00,1420,423145,58,900683,0,251861
936,OTTIGNIES,5,0,00,17908,142785,42,532514,0,251808
827,MERY,2,0,00,17325,450000,43,092403,0,251688
1228,WELLE,2,0,00,3338,425685,56,891294,0,251167
183,BOITSFORT,2,0,00,13284,481674,46,911919,0,250445
812,MEISER,3,0,00,1041,378571,58,980430,0,249924
782,MAFFLE,2,0,00,5605,615079,54,246138,0,248581
229,BUDA,2,0,00,0,000000,59,771754,0,248342
365,EREMBODEGEM,2,0,00,2646,072222,57,124627,0,248201
600,IDDERGEM,2,0,00,3009,144289,56,760738,0,248177
521,HAREN-SUD,2,0,00,0,000000,59,688421,0,247797
130,BEERVELDE,2,0,00,6544,179997,53,013749,0,246612
1154,TOURNAI,3,0,00,7591,047619,51,724534,0,244974
351,EKE-NAZARETH,2,0,00,3283,884524,55,968919,0,244782
1744,LA LOUV-SUD,4,0,00,15666,107413,43,498844,0,243580
977,PUURS,3,0,00,4939,886717,54,076180,0,243150
673,LA LOUV-CTRE,4,0,00,14396,585985,44,677933,0,243053
1195,VISE,3,0,00,9152,650000,49,713867,0,241959
378,ESSENE-LOMB,2,0,00,1101,033530,57,634612,0,241511
177,BOECHOUT,3,0,00,7772,869289,50,946018,0,241064
1260,ZAVENTEM,3,0,00,154,392857,58,195070,0,239034
139,ANTW-BERCHEM,7,0,00,6999,135956,51,265868,0,238135
1145,TIELT,2,0,00,9470,483333,48,805867,0,238084
232,BUIZINGEN,2,0,00,144,200000,58,038407,0,237944
1224,WEERDE,2,0,00,56,308333,57,989154,0,237052
724,LICHTERVELDE,4,0,00,9951,733333,48,133836,0,236813
567,HEVERLEE,2,0,00,7910,111111,50,078237,0,236280
1212,WAREGEM,2,0,00,5149,428968,52,622385,0,235004
1167,UCCLE-CALEV,2,0,00,4989,592841,52,769444,0,234929
566,HEVER,3,0,00,2038,428571,55,578579,0,234150
682,LANDEGEM,2,0,00,3113,666667,54,374053,0,233250
748,LOKEREN,3,0,00,6638,919680,50,865888,0,233183
579,HONY,2,0,00,16870,450000,40,279329,0,230344
486,GROENENDAAL,2,0,00,12978,648341,44,101176,0,230083
363,EPPEGEM,3,0,00,173,966667,56,765810,0,229817
685,LANDSKOUTER,2,0,00,2780,543912,53,975757,0,228485
1067,SERAING,3,0,00,9150,575000,47,533483,0,227690
191,BORDET,2,0,00,231,000000,56,361129,0,227541
989,REBAIX,2,0,00,2325,957937,54,232487,0,227214
1266,ZELLIK,2,0,00,2522,605195,53,975143,0,226807
1234,WETTEREN,2,0,00,1942,216667,54,449133,0,226141
258,CHARL-OUEST,5,0,00,13096,251659,43,282968,0,225497
142,BERLAAR,2,0,00,6925,358333,49,384812,0,225358
742,LINKEBEEK,3,0,00,5663,228357,50,531970,0,224670
895,NAMUR,6,0,00,16654,772619,39,582566,0,224389
559,HERNE,2,0,00,3070,794844,52,566676,0,221155
649,KORTRIJK,5,0,00,5254,798810,50,300357,0,220506
759,LOT,2,0,00,1,000000,55,316320,0,219217
862,MORLANWELZ,2,0,00,14556,107413,40,831531,0,218939
635,KESSEL,2,0,00,6950,395238,48,164333,0,217541
574,HOFSTADE,3,0,00,179,441667,54,799791,0,216998
243,BERCHEM-ST-A,2,0,00,1110,966470,53,821608,0,216645
751,LONDERZEEL,2,0,00,2653,857215,52,189530,0,215984
572,HOEILAART,2,0,00,12684,315007,42,055088,0,214796
413,FORCHIES,2,0,00,13920,907413,40,798842,0,214605
1202,VOROUX,5,0,00,2343,888889,52,195726,0,214014
832,MEVERG-ATTRE,2,0,00,5185,881746,49,354115,0,213872
375,ESNEUX,2,0,00,16417,450000,38,207008,0,213855
520,HARELBEKE,2,0,00,4704,595635,49,685613,0,212917
826,MERODE,2,0,00,513,711905,53,772519,0,212450
6,AALST,3,0,00,2206,638889,52,088296,0,212421
1088,SINT-NIKLAAS,3,0,00,5885,904376,48,435329,0,212406
121,SILLY,2,0,00,108,750000,54,060265,0,211704
128,BEERSEL,2,0,00,1045,756478,53,129808,0,211699
383,EVERE,2,0,00,87,750000,53,961320,0,210921
404,FLEURUS,3,0,00,13596,156223,40,537947,0,210792
250,CARNIERES,2,0,00,14300,107413,39,812065,0,210613
132,BEGIJNENDIJK,3,0,00,6645,991667,47,230883,0,209463
494,HAALTERT,2,0,00,2812,759019,50,968455,0,209031
962,PIETON,2,0,00,14066,607413,39,721385,0,208505
814,MELKOUWEN,2,0,00,6736,758333,46,792106,0,207183
1248,WONDELGEM,2,0,00,2216,000000,51,209382,0,206735
1973,GERMOIR,2,0,00,0,000000,53,389185,0,206611
190,BOORTMEERB,2,0,00,1816,428571,51,543261,0,206326
747,LODELINSART,2,0,00,12943,101659,40,500428,0,206310
266,CHENEE,3,0,00,4700,000000,48,656485,0,206159
434,GAVERE-ASPER,2,0,00,2767,551190,50,533357,0,205893
1912,ARCADES,3,0,00,1729,490561,51,538854,0,205733
941,OUD-HEVERLEE,2,0,00,7514,611111,45,785218,0,205646
1151,TONGEREN,4,0,00,5462,633333,47,797747,0,205492
1176,VERTRIJK,2,0,00,3216,361111,49,877791,0,204519
923,OKEGEM,2,0,00,2474,644289,50,576789,0,204277
1073,SINAAI,2,0,00,4888,400343,48,141287,0,204013
1242,WIJGMAAL,3,0,00,1530,183333,51,460058,0,203925
672,LA HULPE,2,0,00,12404,848341,40,571947,0,203286
1761,DELTA,4,0,00,765,958333,51,855254,0,201551
644,KONTICH-LINT,3,0,00,1586,416667,51,031090,0,201485
974,POULSEUR,2,0,00,15966,450000,36,726379,0,201249
138,BELSELE,2,0,00,4880,049550,47,488908,0,199693
975,PROFONDSART,2,0,00,12099,281674,40,305650,0,199562
1058,SCHELLEBELLE,3,0,00,1581,327778,50,688553,0,199212
541,HEIST-BERG,2,0,00,6589,658333,45,489474,0,197711
402,FLEMALLE-HTE,3,0,00,8217,441667,43,795139,0,197194
1226,WELKENRAEDT,5,0,00,4244,166667,47,706137,0,196988
457,GENVAL,2,0,00,12224,965007,39,758763,0,196802
1131,TERNAT,2,0,00,560,144641,51,318858,0,196708
518,HANSBEKE,2,0,00,2589,666667,49,233862,0,196243
996,RIVAGE,3,0,00,15825,450000,36,042084,0,195860
997,RIXENSART,2,0,00,12149,415007,39,680629,0,195801
187,BOOISCHOT,2,0,00,6477,158333,45,264430,0,195510
1081,SAINT-JOB,3,0,00,1698,346810,49,896602,0,194793
35,ANTOING,2,0,00,4864,388889,46,741880,0,194707
192,BORNEM,2,0,00,2045,177842,49,473356,0,194276
578,HOLLEKEN,2,0,00,5055,937500,46,389531,0,193646
860,MOORTSELE,2,0,00,2266,043912,49,157044,0,193641
319,DENDERMONDE,4,0,00,2762,212698,48,606689,0,193262
686,LANGDORP,3,0,00,4347,604762,47,001861,0,193054
64,ANTW-ZUID,3,0,00,3903,576904,47,323605,0,192277
209,BRUGELETTE,2,0,00,4870,815079,46,294660,0,191825
493,HAACHT,2,0,00,1629,828571,49,376646,0,190949
952,PAPIGNIES,2,0,00,1810,374603,49,090497,0,190250
74,ASSE,2,0,00,1989,605195,48,845923,0,189813
155,BIERSET-AW,2,0,00,924,277778,49,875628,0,189635
1150,TOLLEMBEEK,2,0,00,2563,544844,48,212574,0,189396
907,NIJLEN,2,0,00,6429,395238,44,193642,0,188199
837,MOENSBERG,2,0,00,813,173145,49,764321,0,188186
1017,RUISBR-SAUV,2,0,00,1972,292208,48,553862,0,187792
906,NIEUWKERKEN,2,0,00,4741,005170,45,764641,0,187517
819,MELSELE,5,0,00,4179,738503,46,298314,0,187365
427,FROYENNES,2,0,00,2452,553175,48,002875,0,187305
507,HAMBOS,2,0,00,1393,395238,48,861080,0,186045
781,MALDEREN,2,0,00,2158,809596,48,064074,0,185799
728,LIEGE-CARRE,2,0,00,1753,100000,48,428063,0,185547
868,MOUSCRON,4,0,00,2041,303175,47,976527,0,184464
1152,TORHOUT,2,0,00,6066,333333,43,973190,0,184402
1230,WESPEL-TILD,2,0,00,1484,728571,48,486152,0,184186
1265,ZELE,2,0,00,1704,505051,48,241243,0,184010
189,BOONDAEL,2,0,00,1512,170903,48,371797,0,183616
1082,ST-JOR-WEERT,2,0,00,7145,944444,42,776309,0,183581
1278,ZWIJNDRECHT,5,0,00,3043,168030,46,791584,0,183217
824,VIVIER D'OIE,2,0,00,1417,806007,48,304139,0,182562
345,EDE,2,0,00,2299,592352,47,099963,0,180409
1272,ZINGEM,2,0,00,2281,051190,47,116727,0,180398
488,G-BIJGAARDEN,2,0,00,620,508136,48,757611,0,180354
160,BISSEGEM,3,0,00,3312,000000,46,037921,0,180033
1063,SCLESSIN,2,0,00,929,383333,48,344730,0,179658
590,HOVE,3,0,00,1084,833333,48,174424,0,179553
82,AUVELAIS,3,0,00,9877,189358,39,421522,0,179366
1128,TEMSE,2,0,00,1726,711176,47,365672,0,178430
151,BEVEREN(W),2,0,00,4386,171837,44,690474,0,178192
247,CAMBRON-CAST,2,0,00,4578,148413,44,344368,0,177175
855,MONT-ST-GUIB,2,0,00,9706,020761,39,186002,0,176715
157,BILZEN,3,0,00,4147,716667,44,592616,0,176005
1087,ST-M-BODEGEM,2,0,00,312,513384,48,098790,0,174048
1079,RHODE-ST-G,2,0,00,4745,404167,43,589710,0,173325
1146,TIENEN,2,0,00,2711,027778,45,596841,0,173250
620,JEMEPPE-S-S,3,0,00,9451,818921,38,899175,0,173191
560,HERSEAUX,2,0,00,2025,853175,46,133370,0,172313
910,NINOVE,2,0,00,1947,144289,46,199638,0,172236
1092,SOIGNIES,3,0,00,1489,084127,46,600914,0,171888
361,ENGIS,2,0,00,7612,691667,40,468243,0,171518
104,AALST-KERREB,2,0,00,1103,733333,46,921333,0,171483
102,BAASRODE-ZD,2,0,00,1716,819120,46,289915,0,171332
1843,EVERGEM,2,0,00,1665,000000,46,291738,0,171008
604,INGELMUNSTER,3,0,00,1250,766667,46,661947,0,170741
707,LENS,3,0,00,4311,481746,43,607839,0,170629
1084,ST-MARIABURG,5,0,00,3543,028952,44,350472,0,170499
328,DILBEEK,2,0,00,367,910409,47,455856,0,170204
231,BUGGENHOUT,2,0,00,1821,295310,45,914471,0,169555
1056,SCHELDEWIND,2,0,00,1774,043912,45,873505,0,168981
438,GEMBLOUX,3,0,00,9136,337428,38,488388,0,168458
807,MAUBRAY,2,0,00,4349,388889,43,185558,0,168114
939,OUDENAARDE,4,0,00,2084,095635,45,429355,0,168088
136,BELLEM,2,0,00,2072,666667,45,440060,0,168084
1134,TESTELT,2,0,00,3862,521429,43,625785,0,167834
863,MORTSEL,3,0,00,60,200000,47,334612,0,167415
432,GALMAARDEN,2,0,00,2071,544844,45,325335,0,167327
399,FEXHE,2,0,00,1673,505556,45,666708,0,166976
701,LEDE,2,0,00,133,666667,47,148714,0,166676
1253,WICHELEN,2,0,00,667,911111,46,611780,0,166631
167,BLANMONT,2,0,00,9423,187428,37,923857,0,166628
954,PECROT,2,0,00,6800,811111,40,506283,0,166500
199,BOUWEL,2,0,00,5917,978571,41,311749,0,166039
1261,ZEDELGEM,2,0,00,5542,333333,41,603498,0,165509
348,EINE,2,0,00,1838,384524,45,235308,0,165225
267,CH'DFONTAINE,2,0,00,3537,166667,43,499591,0,164898
612,JAMIOULX,4,0,00,5480,000000,41,525666,0,164596
583,HOURAING,2,0,00,1307,124603,45,594617,0,164128
277,COMBL-TOUR,2,0,00,12963,116667,34,021527,0,164079
235,BURST,3,0,00,1914,392352,44,945068,0,163821
37,ANTWERPEN-C,3,0,00,954,531778,45,613912,0,161967
261,CHASTRE,2,0,00,9188,854095,37,385960,0,161591
877,LIERSESTWG,3,0,00,48,416667,46,455129,0,161588
841,MOLLEM,2,0,00,1466,348052,45,047280,0,161582
188,BOOM,2,0,00,1476,458874,45,006640,0,161382
1068,SERSKAMP,2,0,00,102,111111,46,343462,0,161206
793,MARCH-ZONE,4,0,00,4941,000000,41,509000,0,160990
1184,VICHTE,2,0,00,985,932143,45,408683,0,160828
366,ERNAGE,2,0,00,8968,187428,37,469356,0,160705
201,BRACQUEGNIES,3,0,00,3869,411905,42,381887,0,159745
523,HASSELT,5,0,00,2740,633333,43,437636,0,159325
458,G'BERGEN,4,0,00,1739,219447,44,349000,0,158787
210,BRUGGE,4,0,00,5098,333333,40,939965,0,158290
316,DE HOEK,2,0,00,4455,204167,41,533106,0,157996
870,MOUSTIER,3,0,00,8528,335714,37,435465,0,157630
1274,ZOTTEGEM,4,0,00,1410,712959,44,412500,0,157071
825,HERGENRATH,2,0,00,257,166667,45,308253,0,155444
1005,ROESELARE,2,0,00,1075,733333,44,478819,0,155331
628,JURBISE,3,0,00,3530,199206,42,003064,0,155068
1061,SCHULEN,4,0,00,2837,721429,42,673399,0,154958
739,LIMAL,2,0,00,6342,822222,39,174626,0,154822
58,ANTW-N'DOK'N,5,0,00,822,382953,44,618329,0,154600
938,OUDEGEM,2,0,00,467,977778,44,954292,0,154497
530,HAUTE-FLONE,2,0,00,7258,691667,38,199256,0,154386
1182,VIANE-MOERB,2,0,00,1602,544844,43,800040,0,154311
1060,SCHOONAARDE,2,0,00,429,611111,44,882503,0,153779
647,KORTEMARK,2,0,00,2216,000000,43,098984,0,153707
331,DOLHAIN-GIL,2,0,00,3004,833333,42,287091,0,153517
510,HAMOIR,2,0,00,12614,450000,32,709081,0,153236
61,ANTW-OOST,3,0,00,470,821429,44,751246,0,153188
410,FLORIVAL,2,0,00,6474,511111,38,766147,0,153006
764,LUCHTBAL,4,0,00,906,910350,44,198889,0,152406
252,CEROUX-MOUST,2,0,00,6058,660913,39,084557,0,152389
105,BALEGEM-DORP,2,0,00,1307,043912,43,794728,0,152359
1270,ZICHEM,2,0,00,3404,188095,41,691390,0,152213
809,MAZY,3,0,00,6077,427146,38,904958,0,151337
384,EZEMAAL,2,0,00,2215,527778,42,700353,0,151098
730,LIEGE-ST-LAM,2,0,00,1215,583333,43,533924,0,150061
784,MANAGE,3,0,00,1760,320635,42,993036,0,150058
1232,WOLFSTEE,2,0,00,5434,895238,39,293427,0,149708
1730,SINT-GILLIS,2,0,00,796,021068,43,836963,0,149320
324,DIEPENBEEK,2,0,00,2457,833333,42,165944,0,149176
848,MONS,4,0,00,4786,365873,39,761693,0,148563
259,CHARL-CENTR,5,0,00,2025,897222,42,492333,0,148508
902,NEUFVILLES,2,0,00,995,334127,43,467134,0,148195
400,FLAWINNE,3,0,00,7869,300000,36,633484,0,148110
246,CALLENELLE,2,0,00,3915,655556,40,551600,0,148078
1235,WEVELGEM,2,0,00,2765,000000,41,677914,0,147978
347,EICHEM,2,0,00,1429,644289,42,949938,0,147631
866,M-OUDE GOD,2,0,00,161,900000,44,091240,0,146869
326,DIEST,2,0,00,3053,788095,41,179902,0,146595
1218,WATERLOO,2,0,00,4192,004167,40,047458,0,146575
971,PONT-SERAING,2,0,00,426,716667,43,739707,0,146288
864,DEURNESTWG,2,0,00,37,000000,44,117912,0,146233
768,LUTTRE,3,0,00,3969,802579,40,201049,0,146138
424,FRANIERE,2,0,00,8191,569048,36,002903,0,146078
8,AALTER,2,0,00,1564,500000,42,576591,0,146065
1350,ZONHOVEN,3,0,00,3272,604762,40,828140,0,145715
710,LESSINES,2,0,00,816,957937,43,252756,0,145636
606,IZEGEM,2,0,00,932,250000,43,120218,0,145518
1186,VIJFHUIZEN,2,0,00,584,233333,43,378776,0,144950
30,ANTW-HAVEN,4,0,00,8,400000,43,909996,0,144688
1113,SY,2,0,00,12274,783333,31,726869,0,144611
106,BALEGEM-ZUID,2,0,00,891,477245,42,928772,0,144001
905,NIEL,2,0,00,1026,292208,42,749688,0,143705
406,FLOREFFE,2,0,00,7969,369048,35,713397,0,142744
68,ARCHENNES,2,0,00,6175,877778,37,450452,0,142466
66,ANZEGEM,2,0,00,706,711111,42,872725,0,142436
1018,ROUX,2,0,00,3258,674802,40,323576,0,142325
401,FLEMALLE-GDE,3,0,00,413,700000,43,114449,0,142116
1091,SLEIDINGE,2,0,00,1112,000000,42,365788,0,141751
153,BIERGES-WAL,2,0,00,6065,738889,37,438698,0,141674
22,AMAY,2,0,00,6935,608333,36,512983,0,141265
554,HERENTALS,3,0,00,5082,728571,38,211441,0,140349
821,MERCHTEM,2,0,00,970,757576,42,284136,0,140301
754,LONZEE,2,0,00,6701,622619,36,491938,0,139610
1076,ST-D-BOEKEL,2,0,00,790,016667,42,316958,0,139343
1159,TROOZ,2,0,00,3001,166667,40,080935,0,139068
1085,LIERDE,2,0,00,753,702381,42,296203,0,138972
805,MASNUY-ST-P,3,0,00,720,016667,42,306193,0,138818
1130,TERHAGEN,2,0,00,918,459019,42,084165,0,138654
203,BRAINE-L'ALL,2,0,00,3957,670833,39,054864,0,138565
842,MOMALLE,2,0,00,1151,005556,41,759549,0,138040
289,COURT-ST-ET,2,0,00,5682,827579,37,226016,0,137800
364,ERBISOEUL,2,0,00,3132,565873,39,744520,0,137721
185,BOMAL,2,0,00,11946,116667,30,983020,0,137615
286,COURC-MOTTE,2,0,00,3416,958135,39,441563,0,137585
184,BOKRIJK,3,0,00,887,716667,41,910450,0,137319
736,LIGNY,2,0,00,4874,570437,37,829813,0,136504
470,GLONS,2,0,00,458,900000,42,204935,0,136462
900,NEERWINDEN,2,0,00,1743,027778,40,914784,0,136358
1136,THIEU,2,0,00,3362,911905,39,242329,0,135932
570,HOBOKEN-POLD,2,0,00,402,833333,42,165271,0,135839
212,BRUGGE-ST-P,4,0,00,3863,000000,38,707150,0,135677
611,JAMBES,2,0,00,7306,466667,35,279213,0,135604
12,ACREN,2,0,00,359,291270,42,070819,0,134939
433,GASTUCHE,2,0,00,5916,244444,36,539959,0,134828
632,KAPELLEN,2,0,00,2765,000000,39,587543,0,134310
1223,WAVRE,2,0,00,5855,822222,36,422556,0,133669
958,PERUWELZ,2,0,00,3580,088889,38,659562,0,133531
133,BEIGNEE,2,0,00,4941,000000,37,299302,0,133466
738,LILLOIS,2,0,00,3743,670833,38,482771,0,133436
684,LANDEN,3,0,00,1527,244444,40,602910,0,132919
471,GODARVILLE,2,0,00,1427,320635,40,650537,0,132582
801,MARLOIE,3,0,00,11376,183333,30,777929,0,132577
919,OBAIX-BUZET,2,0,00,3359,981944,38,699371,0,132363
114,BARVAUX,2,0,00,11633,450000,30,454240,0,132129
995,RHISNES,2,0,00,6004,522619,36,006755,0,131915
636,KIEWIT,3,0,00,319,466667,41,629638,0,131796
148,BEUZET,2,0,00,6414,405952,35,566203,0,131694
1066,SCHELLE,2,0,00,607,458874,41,323035,0,131660
873,MUNKZWALM,2,0,00,590,011111,41,318547,0,131518
462,GHLIN,2,0,00,2874,099206,39,001253,0,131185
24,AMPSIN,2,0,00,6645,525000,35,253641,0,131149
911,NIVELLES,2,0,00,3541,670833,38,331184,0,131135
120,BASSE-WAVRE,2,0,00,5780,450000,35,979030,0,130280
683,LANDELIES,2,0,00,4400,000000,37,265114,0,129733
38,ANTW-DAM,2,0,00,10,533333,41,589081,0,129527
797,MARIA-AALTER,2,0,00,1069,833333,40,468449,0,129072
1180,VERVIERS-PAL,2,0,00,2468,833333,39,023825,0,128703
67,APPELTERRE,2,0,00,923,287146,40,517433,0,128442
1031,ST-D-BOVESSE,2,0,00,6160,089286,35,310749,0,128373
818,MELR-HOTTON,2,0,00,11343,283333,30,154304,0,128286
395,FAUX,2,0,00,5359,160913,36,077392,0,128190
546,HEMIKSEM,2,0,00,334,958874,41,021191,0,127919
562,HERSTAL,2,0,00,717,066667,40,638967,0,127899
110,BAMBRUGGE,2,0,00,88,483333,41,251957,0,127828
327,DIKSMUIDE,2,0,00,1665,000000,39,564212,0,127021
789,MARCHE-DAMES,2,0,00,5420,608333,35,782583,0,126661
699,LEBBEKE,2,0,00,337,976623,40,818226,0,126611
788,MARCHE-FAM,2,0,00,11075,616667,30,154712,0,126552
1149,TILLY,2,0,00,4832,132341,36,303786,0,126251
619,JEMEPPE-S-M,2,0,00,52,333333,40,933685,0,125513
563,HERZELE,2,0,00,473,278066,40,491785,0,125355
367,ERPE-MERE,2,0,00,77,733333,40,841820,0,125077
382,EUPEN,1,0,00,0,000000,40,861334,0,124700
933,OPWIJK,2,0,00,508,674242,40,272393,0,124150
568,HILLEGEM,2,0,00,257,674603,40,503221,0,124031
692,LA ROCHE,2,0,00,5107,910913,35,640237,0,123702
820,MENEN,2,0,00,2216,000000,38,502528,0,123654
479,GOUY-PIETON,2,0,00,1177,653968,39,504735,0,123471
592,HUY,2,0,00,6382,525000,34,299896,0,123207
1189,VILLERS-LA-V,2,0,00,4917,577579,35,709963,0,122923
169,BLATON,2,0,00,3277,088889,37,269455,0,122476
515,HAM-S-SAMBRE,2,0,00,3968,124242,36,577047,0,122432
1059,SCHENDELBEKE,2,0,00,338,655711,40,110492,0,121988
19,ALKEN,2,0,00,441,866667,39,988780,0,121862
610,JAMBES-EST,2,0,00,5044,583333,35,267988,0,120857
1231,ZOLDER,2,0,00,2751,604762,37,472639,0,120396
535,HAVRE,2,0,00,2876,811905,37,273648,0,119907
970,PONT-CELLES,2,0,00,949,987302,39,172650,0,119823
924,OLEN,2,0,00,3717,061905,36,346013,0,119293
421,FRAIPONT,2,0,00,2465,166667,37,572015,0,119187
705,LEMAN,2,0,00,107,300000,39,838714,0,118710
908,NIMY,2,0,00,2669,054762,37,290302,0,118668
1090,SINT-TRUIDEN,2,0,00,640,866667,39,262256,0,118403
1013,RENAIX,1,0,00,0,000000,39,827889,0,117944
991,REMICOURT,2,0,00,653,172222,39,151672,0,117760
352,EKEREN,2,0,00,8,400000,39,763733,0,117579
281,COUILLET,3,0,00,1535,197222,38,206878,0,117305
1102,STATTE,2,0,00,6142,525000,33,611814,0,117151
767,LUSTIN,2,0,00,6805,466667,32,915369,0,116899
127,BEERNEM,2,0,00,601,000000,39,065131,0,116855
255,CHAP-DIEU,2,0,00,2170,514809,37,507633,0,116855
1206,WAARSCHOOT,2,0,00,557,000000,38,971069,0,115955
542,HEIZIJDE,2,0,00,215,289322,39,280653,0,115762
1256,ZANDBERGEN,2,0,00,489,980952,38,963011,0,115468
720,LEVAL,2,0,00,557,000000,38,802842,0,114855
840,MOL,3,0,00,3918,061905,35,457809,0,114790
519,HARCHIES,2,0,00,3002,588889,36,323474,0,114510
1034,ST-GHISLAIN,3,0,00,3182,322222,36,144788,0,114508
894,NAMECHE,2,0,00,5301,900000,34,025347,0,114402
835,MILMORT,2,0,00,254,233333,38,860238,0,113266
956,PEPINSTER,3,0,00,3356,500000,35,726789,0,112905
118,BAS-OHA,2,0,00,5921,858333,33,158337,0,112755
514,HAM-S-HEURE,2,0,00,4400,000000,34,597019,0,112288
436,GEEL,2,0,00,3460,895238,35,463654,0,111862
601,IDEGEM,2,0,00,205,343806,38,689082,0,111830
920,OBOURG,2,0,00,2592,966667,36,152210,0,110733
539,HEIDE,2,0,00,2216,000000,36,522228,0,110707
931,OOSTKAMP,2,0,00,162,000000,38,549087,0,110633
1213,WAREMME,2,0,00,341,361111,38,370476,0,110629
1177,VERVIERS-C,2,0,00,1932,833333,36,787342,0,110603
733,LIERS,2,0,00,105,650000,38,587531,0,110519
615,JEMAPPES,2,0,00,1851,577778,36,792284,0,110108
25,ANDENNE,2,0,00,5716,191667,32,928654,0,109919
1062,SCLAIGNEAUX,2,0,00,5364,025000,33,271514,0,109876
1187,V-POMMEROEUL,2,0,00,2750,622222,35,838079,0,109702
1839,NOORD'KEMPEN,1,0,00,0,000000,38,438519,0,108859
262,CHAT-DE-SEIL,2,0,00,5529,525000,32,948900,0,108840
585,HOURPES,2,0,00,3857,000000,34,543447,0,108415
901,NESSONVAUX,2,0,00,1963,666667,36,034681,0,105882
1181,VEURNE,2,0,00,1112,000000,36,670196,0,104512
171,BLERET,2,0,00,294,483333,37,361058,0,103725
1229,WERVIK,2,0,00,1665,000000,35,896807,0,103043
472,GODINNE,2,0,00,6309,966667,31,222751,0,102617
565,HEUSDEN,2,0,00,2249,271429,35,188606,0,102203
313,DAVE-ST-MART,2,0,00,4550,416667,32,896652,0,102147
617,ROCH-JEMELLE,2,0,00,8006,533333,29,260698,0,100796
762,LOUVAIN-LA-N,1,0,00,0,000000,37,157835,0,100486
743,LISSEWEGE,4,0,00,1113,000000,36,005011,0,100169
422,FRAMERIES,2,0,00,1112,000000,35,873329,0,099302
1670,GENK,1,0,00,0,000000,36,892575,0,098752
540,HEIST,3,0,00,1112,000000,35,671677,0,097983
979,QUAREGNON,2,0,00,1571,366667,35,206239,0,097920
1125,TAMINES,2,0,00,770,769444,35,869914,0,097066
288,COUR-HEURE,2,0,00,3857,000000,32,522605,0,095202
107,BALEN,2,0,00,2188,511905,34,170180,0,095150
700,CAMPINAIRE,2,0,00,699,663889,35,603487,0,094862
723,LIBRAMONT,3,0,00,7338,900000,28,760491,0,093194
957,PEPINST-CITE,2,0,00,2765,000000,33,111699,0,091970
929,OOSTENDE,1,0,00,0,000000,35,823816,0,091764
418,FORRIERES,2,0,00,7505,533333,28,371114,0,091729
637,KIJKUIT,2,0,00,1665,000000,34,097940,0,091282
1139,THUIN,2,0,00,3312,000000,32,446414,0,091168
1255,YVOIR,2,0,00,5827,966667,29,937636,0,091088
1348,BERINGEN,2,0,00,1928,200000,33,737914,0,090635
708,LEOPOLDSBURG,2,0,00,2020,545238,33,635737,0,090566
84,AYWAILLE,2,0,00,2216,000000,33,416671,0,090402
346,EEKLO,1,0,00,0,000000,35,569048,0,090098
1144,TIELEN,2,0,00,557,000000,34,906057,0,089377
143,BEVERLO,2,0,00,1896,378571,33,505351,0,088908
896,NANINNE,2,0,00,4067,416667,31,229122,0,088110
1009,RONET,2,0,00,0,000000,35,176175,0,087529
392,FARCIENNES,2,0,00,536,822222,34,611797,0,087322
195,BOUSSU,2,0,00,1665,000000,33,391603,0,086663
158,BINCHE,1,0,00,0,000000,35,033520,0,086597
16,AISEAU,2,0,00,484,125000,34,394315,0,085558
489,GRUPONT,2,0,00,7062,433333,27,814228,0,085213
278,COMINES,2,0,00,1112,000000,33,611691,0,084515
643,KOKSIJDE,2,0,00,557,000000,34,067575,0,083895
968,POIX-ST-HUB,2,0,00,6745,000000,27,915086,0,083813
750,LOMMEL,2,0,00,1665,000000,32,838548,0,083047
329,DINANT,2,0,00,5354,966667,28,889789,0,081168
147,BERZEE,2,0,00,3312,000000,30,803857,0,080429
146,BERTRIX,3,0,00,5570,625000,28,462865,0,079776
166,BLANKENBERGE,1,0,00,0,000000,33,921677,0,079327
263,CHATELET,1,0,00,0,000000,33,663325,0,077638
446,GENLY,2,0,00,557,000000,33,058394,0,077296
1043,SART-BERNARD,2,0,00,3595,583333,29,952919,0,076705
744,LOBBES,2,0,00,2765,000000,30,699690,0,076199
629,JUSLENVILLE,2,0,00,2216,000000,31,172930,0,075732
630,KALMTHOUT,2,0,00,1112,000000,31,993590,0,073935
992,COO,2,0,00,1665,000000,31,427389,0,073821
337,DUINBERGEN,2,0,00,557,000000,32,431066,0,073195
34,ANSEREMME,2,0,00,4883,966667,28,017166,0,072407
100,AYE,2,0,00,3132,716667,29,308089,0,069486
501,HAININ,2,0,00,1112,000000,31,272693,0,069222
976,PRY,2,0,00,2765,000000,29,312151,0,067127
287,COURRIERE,2,0,00,3128,583333,28,913972,0,066883
602,IEPER,2,0,00,557,000000,31,451065,0,066787
1666,OVERPELT,2,0,00,1112,000000,30,813088,0,066217
1161,TURNHOUT,1,0,00,0,000000,31,867642,0,065897
1262,ZEEBR-DORP,1,0,00,0,000000,31,847732,0,065767
1723,ZEEBR-STRAND,1,0,00,0,000000,31,847732,0,065767
442,GENDRON-CELL,2,0,00,4414,966667,27,285539,0,064581
412,FONTAINE-VAL,2,0,00,2216,000000,29,170975,0,062642
532,HAVERSIN,2,0,00,2866,550000,28,453342,0,062171
13,DE PANNE,1,0,00,0,000000,31,289990,0,062121
1135,THEUX,2,0,00,1665,000000,29,511211,0,061292
1157,TROIS-PONTS,2,0,00,1112,000000,29,670066,0,058743
75,ASSESSE,2,0,00,2670,816667,28,049930,0,058263
589,HOUYET,2,0,00,3947,966667,26,676039,0,057566
1244,WILDERT,2,0,00,557,000000,29,996880,0,057280
257,CHAPOIS,2,0,00,2618,950000,27,866779,0,056729
982,QUEVY,1,0,00,0,000000,30,256590,0,055364
951,PALISEUL,2,0,00,3213,233333,27,021759,0,055060
1207,WALCOURT,2,0,00,2216,000000,27,969754,0,054789
1141,THULIN,2,0,00,557,000000,29,318440,0,052844
704,LEIGNON,2,0,00,2393,850000,27,470710,0,052679
405,FLOREE,2,0,00,2344,383333,27,503539,0,052573
126,BEAURAING,2,0,00,3490,200000,26,180503,0,051356
642,KNOKKE,1,0,00,0,000000,29,556423,0,050786
752,NEUFCHATEAU,2,0,00,2861,225000,26,690281,0,050609
899,NEERPELT,2,0,00,557,000000,28,927605,0,050288
664,LABUISSIERE,2,0,00,1665,000000,27,775309,0,049943
272,CINEY,2,0,00,2201,583333,27,222541,0,049810
897,NATOYE,2,0,00,2179,433333,27,235176,0,049748
249,CARLSBOURG,2,0,00,3020,966667,26,292531,0,049045
435,GEDINNE,2,0,00,3163,766667,25,945599,0,047703
423,FRANCHIMONT,2,0,00,1112,000000,27,976591,0,047671
409,FLORENVILLE,2,0,00,2624,775000,26,423636,0,047332
973,POPERINGE,1,0,00,0,000000,29,012315,0,047229
480,GRAIDE,2,0,00,2998,816667,25,971783,0,046804
1185,VIELSALM,2,0,00,557,000000,27,950727,0,043901
1254,YVES-GOMEZEE,2,0,00,1665,000000,26,717426,0,043026
376,ESSEN,1,0,00,0,000000,27,702553,0,038665
786,MARBEHAN,2,0,00,2316,225000,25,341771,0,038256
1093,SOLRE-SAMBRE,2,0,00,1112,000000,26,436725,0,037603
1194,VIRTON,2,0,00,2079,775000,25,099697,0,035140
984,QUIEVRAIN,1,0,00,0,000000,27,077811,0,034580
1097,SPA,2,0,00,557,000000,26,428682,0,033950
1368,HAMONT,1,0,00,0,000000,26,739593,0,032369
961,PHILIPPEVILL,2,0,00,1112,000000,25,493147,0,031434
496,HABAY,2,0,00,1771,225000,24,288910,0,027837
477,GOUVY,1,0,00,0,000000,25,882169,0,026763
371,ERQUEL-VILL,2,0,00,557,000000,25,043147,0,024891
502,HALANZY,2,0,00,1534,775000,24,067000,0,024852
798,MARIEMBOURG,2,0,00,557,000000,24,193162,0,019333
1107,STOCKEM,2,0,00,1226,225000,23,408136,0,018542
459,GERONSTERE,1,0,00,0,000000,24,499895,0,017725
1841,AUBANGE,2,0,00,989,775000,23,203196,0,015668
1198,VIVILLE,2,0,00,681,225000,22,644155,0,010011
369,ERQUELINNES,1,0,00,0,000000,23,240781,0,009493
78,ATHUS,2,0,00,444,775000,22,453776,0,007233
291,COUVIN,1,0,00,0,000000,22,468997,0,004447
70,ARLON,2,0,00,210,958333,21,966580,0,002530
1842,MESSANCY,2,0,00,92,733333,21,788885,0,000602
